id,subreddit
0,Toronto
1,London
2,Montreal
3,Toronto
4,Brussels
5,Montreal
6,London
7,Montreal
8,Montreal
9,Montreal
10,Toronto
11,Montreal
12,Brussels
13,Brussels
14,Toronto
15,Montreal
16,Toronto
17,Toronto
18,London
19,Toronto
20,London
21,Brussels
22,Montreal
23,Toronto
24,Toronto
25,Toronto
26,Brussels
27,Toronto
28,Brussels
29,Montreal
30,Brussels
31,Brussels
32,Brussels
33,Brussels
34,Montreal
35,Toronto
36,London
37,Brussels
38,Toronto
39,London
40,Brussels
41,Montreal
42,Brussels
43,Toronto
44,Brussels
45,Montreal
46,Montreal
47,London
48,Toronto
49,Toronto
50,London
51,Brussels
52,Toronto
53,London
54,Toronto
55,Brussels
56,Brussels
57,London
58,London
59,Brussels
60,Montreal
61,London
62,Montreal
63,Brussels
64,Brussels
65,London
66,Toronto
67,Toronto
68,Brussels
69,Brussels
70,Brussels
71,Toronto
72,Brussels
73,London
74,Toronto
75,London
76,Brussels
77,Toronto
78,Toronto
79,Montreal
80,London
81,Montreal
82,Montreal
83,Montreal
84,Montreal
85,London
86,Toronto
87,Toronto
88,Toronto
89,Toronto
90,London
91,Toronto
92,Montreal
93,Brussels
94,Toronto
95,Montreal
96,London
97,Montreal
98,Brussels
99,Montreal
100,Brussels
101,Montreal
102,Brussels
103,Montreal
104,Brussels
105,London
106,London
107,Brussels
108,London
109,Montreal
110,Brussels
111,Toronto
112,London
113,Montreal
114,Brussels
115,Brussels
116,Toronto
117,Toronto
118,Montreal
119,Brussels
120,Brussels
121,Toronto
122,London
123,London
124,Brussels
125,London
126,Montreal
127,London
128,Brussels
129,Toronto
130,Montreal
131,London
132,Montreal
133,Brussels
134,London
135,Brussels
136,Brussels
137,Montreal
138,London
139,Brussels
140,Brussels
141,Brussels
142,Montreal
143,Toronto
144,Brussels
145,Brussels
146,Toronto
147,Brussels
148,London
149,Montreal
150,Brussels
151,Montreal
152,Brussels
153,London
154,Brussels
155,Brussels
156,Toronto
157,Montreal
158,Toronto
159,Montreal
160,London
161,London
162,Montreal
163,Montreal
164,Montreal
165,Brussels
166,Montreal
167,Brussels
168,Toronto
169,London
170,London
171,Toronto
172,London
173,London
174,Brussels
175,Brussels
176,London
177,Toronto
178,Toronto
179,Brussels
180,Brussels
181,Toronto
182,Toronto
183,Brussels
184,Brussels
185,London
186,Brussels
187,Brussels
188,London
189,London
190,Brussels
191,London
192,London
193,London
194,Brussels
195,Brussels
196,Montreal
197,London
198,Toronto
199,Brussels
200,Brussels
201,Montreal
202,Montreal
203,Brussels
204,London
205,Brussels
206,Toronto
207,London
208,Montreal
209,Toronto
210,Toronto
211,Toronto
212,Montreal
213,London
214,Brussels
215,London
216,Toronto
217,Toronto
218,London
219,Brussels
220,Brussels
221,Toronto
222,Montreal
223,Montreal
224,London
225,London
226,Brussels
227,London
228,Montreal
229,Montreal
230,Toronto
231,Brussels
232,Montreal
233,London
234,Toronto
235,Montreal
236,Brussels
237,Brussels
238,Brussels
239,London
240,Toronto
241,Toronto
242,Brussels
243,Montreal
244,London
245,Montreal
246,Toronto
247,Brussels
248,Montreal
249,Brussels
250,Brussels
251,London
252,Toronto
253,Brussels
254,Montreal
255,Toronto
256,Toronto
257,Toronto
258,Toronto
259,Brussels
260,Montreal
261,Brussels
262,London
263,Brussels
264,Montreal
265,Montreal
266,Montreal
267,Brussels
268,Montreal
269,London
270,London
271,Toronto
272,Brussels
273,Toronto
274,Toronto
275,London
276,London
277,Brussels
278,Montreal
279,Toronto
280,Montreal
281,Brussels
282,Montreal
283,Toronto
284,Brussels
285,Montreal
286,London
287,Brussels
288,Montreal
289,Montreal
290,London
291,Toronto
292,Brussels
293,Brussels
294,Toronto
295,Brussels
296,Montreal
297,Brussels
298,Brussels
299,Montreal
300,London
301,Brussels
302,Montreal
303,London
304,Montreal
305,Brussels
306,Toronto
307,Brussels
308,Brussels
309,Toronto
310,Montreal
311,Toronto
312,Brussels
313,Brussels
314,London
315,London
316,Toronto
317,Brussels
318,London
319,Toronto
320,Brussels
321,Brussels
322,London
323,Montreal
324,Montreal
325,Montreal
326,Brussels
327,Brussels
328,Montreal
329,London
330,Toronto
331,Toronto
332,Toronto
333,Brussels
334,Montreal
335,Toronto
336,Brussels
337,Brussels
338,Montreal
339,Toronto
340,Montreal
341,Toronto
342,Montreal
343,Montreal
344,London
345,London
346,Brussels
347,London
348,Brussels
349,Toronto
350,Toronto
351,London
352,Brussels
353,London
354,London
355,Brussels
356,London
357,Toronto
358,Brussels
359,Toronto
360,London
361,Brussels
362,Brussels
363,Toronto
364,Toronto
365,Montreal
366,Montreal
367,Brussels
368,Montreal
369,Brussels
370,Toronto
371,Brussels
372,London
373,London
374,Toronto
375,Montreal
376,Brussels
377,Montreal
378,London
379,London
380,London
381,London
382,Brussels
383,London
384,London
385,Brussels
386,Brussels
387,Toronto
388,London
389,Toronto
390,Brussels
391,Brussels
392,Brussels
393,London
394,London
395,London
396,London
397,Brussels
398,Toronto
399,Brussels
400,London
401,London
402,Montreal
403,Brussels
404,Brussels
405,Brussels
406,Brussels
407,London
408,Toronto
409,Toronto
410,London
411,Brussels
412,Brussels
413,Toronto
414,London
415,Brussels
416,Brussels
417,London
418,Brussels
419,Brussels
420,London
421,Toronto
422,Brussels
423,Toronto
424,Montreal
425,Toronto
426,Brussels
427,Brussels
428,Toronto
429,Toronto
430,Toronto
431,Toronto
432,Brussels
433,Montreal
434,London
435,Brussels
436,London
437,Brussels
438,Toronto
439,London
440,Brussels
441,Brussels
442,Brussels
443,Toronto
444,London
445,Brussels
446,Toronto
447,Toronto
448,London
449,London
450,Montreal
451,Montreal
452,London
453,London
454,Toronto
455,Montreal
456,Brussels
457,Brussels
458,Toronto
459,London
460,Montreal
461,Toronto
462,London
463,Brussels
464,Montreal
465,London
466,London
467,Montreal
468,Toronto
469,Brussels
470,Toronto
471,Montreal
472,London
473,Toronto
474,Montreal
475,Brussels
476,Toronto
477,London
478,Brussels
479,Montreal
480,Brussels
481,Toronto
482,Toronto
483,Brussels
484,London
485,Montreal
486,Brussels
487,Brussels
488,Brussels
489,London
490,Montreal
491,Toronto
492,Toronto
493,Toronto
494,London
495,Montreal
496,Montreal
497,Brussels
498,Brussels
499,Brussels
500,Brussels
501,Toronto
502,Toronto
503,Brussels
504,Brussels
505,London
506,Brussels
507,Montreal
508,Brussels
509,London
510,Montreal
511,Toronto
512,London
513,London
514,London
515,Montreal
516,Brussels
517,Brussels
518,Brussels
519,Brussels
520,Toronto
521,London
522,Toronto
523,London
524,Montreal
525,London
526,Montreal
527,London
528,Toronto
529,Brussels
530,Toronto
531,Brussels
532,Brussels
533,Toronto
534,London
535,Brussels
536,Toronto
537,London
538,London
539,Toronto
540,Brussels
541,London
542,Toronto
543,Brussels
544,Brussels
545,Toronto
546,Brussels
547,Toronto
548,London
549,Montreal
550,Brussels
551,Montreal
552,Montreal
553,Montreal
554,London
555,London
556,Toronto
557,London
558,Toronto
559,Montreal
560,Brussels
561,London
562,Toronto
563,London
564,London
565,Toronto
566,London
567,Montreal
568,Brussels
569,Brussels
570,Toronto
571,Montreal
572,Brussels
573,Brussels
574,London
575,Montreal
576,Toronto
577,Brussels
578,Brussels
579,Toronto
580,Brussels
581,Toronto
582,Toronto
583,Brussels
584,Brussels
585,Brussels
586,Brussels
587,London
588,Brussels
589,Brussels
590,Montreal
591,London
592,Montreal
593,Toronto
594,London
595,Brussels
596,Montreal
597,Brussels
598,Montreal
599,Toronto
