id,subreddit
0,London
1,Brussels
2,Brussels
3,Brussels
4,Brussels
5,Brussels
6,Brussels
7,London
8,Brussels
9,London
10,Brussels
11,London
12,London
13,Brussels
14,Brussels
15,Brussels
16,Brussels
17,Brussels
18,Brussels
19,Brussels
20,Brussels
21,Brussels
22,Brussels
23,Brussels
24,Brussels
25,London
26,Brussels
27,Brussels
28,Brussels
29,Toronto
30,Brussels
31,Brussels
32,Brussels
33,Brussels
34,Brussels
35,Brussels
36,Brussels
37,Brussels
38,Brussels
39,Brussels
40,Brussels
41,Brussels
42,Brussels
43,Brussels
44,London
45,Montreal
46,Toronto
47,Brussels
48,Montreal
49,London
50,London
51,Montreal
52,Montreal
53,London
54,Brussels
55,Montreal
56,Toronto
57,London
58,Toronto
59,Toronto
60,London
61,London
62,Toronto
63,Brussels
64,London
65,Montreal
66,London
67,Montreal
68,Toronto
69,Toronto
70,Montreal
71,Toronto
72,Montreal
73,Toronto
74,Brussels
75,Brussels
76,Montreal
77,Brussels
78,Brussels
79,London
80,Montreal
81,Toronto
82,Montreal
83,Montreal
84,Toronto
85,Montreal
86,Brussels
87,Brussels
88,Brussels
89,Toronto
90,London
91,Brussels
92,Brussels
93,Montreal
94,Brussels
95,Brussels
96,Brussels
97,Toronto
98,Montreal
99,Brussels
100,London
101,Toronto
102,Toronto
103,Toronto
104,Toronto
105,Montreal
106,Montreal
107,Montreal
108,Toronto
109,Toronto
110,Montreal
111,Toronto
112,Toronto
113,Toronto
114,Toronto
115,Toronto
116,London
117,Toronto
118,Toronto
119,Montreal
120,Toronto
121,Toronto
122,Toronto
123,London
124,Toronto
125,Toronto
126,Toronto
127,Toronto
128,London
129,Toronto
130,Toronto
131,Toronto
132,Montreal
133,Toronto
134,Toronto
135,Toronto
136,Toronto
137,Toronto
138,Toronto
139,Toronto
140,Toronto
141,Toronto
142,Montreal
143,Montreal
144,Toronto
145,Toronto
146,London
147,Toronto
148,London
149,Toronto
150,Toronto
151,Toronto
152,Toronto
153,Toronto
154,Montreal
155,Toronto
156,London
157,Toronto
158,London
159,Toronto
160,Toronto
161,London
162,Toronto
163,London
164,Toronto
165,Toronto
166,Toronto
167,Toronto
168,London
169,Toronto
170,Toronto
171,London
172,Toronto
173,Toronto
174,Toronto
175,Toronto
176,Toronto
177,Toronto
178,Toronto
179,Toronto
180,Toronto
181,Toronto
182,London
183,Montreal
184,Toronto
185,Toronto
186,London
187,London
188,London
189,London
190,London
191,London
192,London
193,London
194,Toronto
195,London
196,London
197,London
198,Toronto
199,London
200,Toronto
201,London
202,London
203,Toronto
204,London
205,Toronto
206,London
207,Toronto
208,London
209,Toronto
210,London
211,London
212,London
213,Montreal
214,London
215,London
216,Toronto
217,Toronto
218,London
219,London
220,Toronto
221,London
222,London
223,London
224,Toronto
225,Toronto
226,Toronto
227,London
228,London
229,London
230,London
231,London
232,Toronto
233,Toronto
234,London
235,London
236,London
237,Toronto
238,London
239,London
240,London
241,London
242,Toronto
243,London
244,Toronto
245,London
246,Toronto
247,London
248,Toronto
249,London
250,London
251,Brussels
252,Brussels
253,Brussels
254,Toronto
255,Brussels
256,Brussels
257,London
258,Brussels
259,Montreal
260,Montreal
261,Brussels
262,Brussels
263,Brussels
264,Brussels
265,Brussels
266,London
267,London
268,Brussels
269,London
270,Toronto
271,London
272,London
273,Montreal
274,Brussels
275,Brussels
276,Toronto
277,Montreal
278,Brussels
279,London
280,Brussels
281,Brussels
282,Brussels
283,Brussels
284,Brussels
285,Brussels
286,London
287,Brussels
288,London
289,Brussels
290,London
291,London
292,Brussels
293,Brussels
294,Brussels
295,Brussels
296,Brussels
297,Brussels
298,Brussels
299,Brussels
300,Brussels
301,Brussels
302,Brussels
303,Brussels
304,London
305,Brussels
306,Brussels
307,Brussels
308,Toronto
309,Brussels
310,Brussels
311,Brussels
312,Brussels
313,Brussels
314,Brussels
315,Brussels
316,Brussels
317,Brussels
318,Brussels
319,Brussels
320,Brussels
321,Brussels
322,Brussels
323,London
324,Montreal
325,Toronto
326,Brussels
327,Montreal
328,London
329,London
330,Montreal
331,Montreal
332,London
333,Brussels
334,Montreal
335,Toronto
336,London
337,Toronto
338,Toronto
339,London
340,London
341,Toronto
342,Brussels
343,London
344,Montreal
345,London
346,Montreal
347,Toronto
348,Toronto
349,Montreal
350,Toronto
351,Montreal
352,Toronto
353,Brussels
354,Brussels
355,Montreal
356,Brussels
357,Brussels
358,London
359,Montreal
360,Toronto
361,Montreal
362,Montreal
363,Toronto
364,Montreal
365,Brussels
366,Brussels
367,Brussels
368,Toronto
369,London
370,Brussels
371,Brussels
372,Montreal
373,Brussels
374,Brussels
375,Brussels
376,Toronto
377,Montreal
378,Brussels
379,London
380,Toronto
381,Toronto
382,Toronto
383,Toronto
384,Montreal
385,Montreal
386,Montreal
387,Toronto
388,Toronto
389,Montreal
390,Toronto
391,Toronto
392,Toronto
393,Toronto
394,Toronto
395,London
396,Toronto
397,Toronto
398,Montreal
399,Toronto
400,Toronto
401,Toronto
402,London
403,Toronto
404,Toronto
405,Toronto
406,Toronto
407,London
408,Toronto
409,Toronto
410,Toronto
411,Montreal
412,Toronto
413,Toronto
414,Toronto
415,Toronto
416,Toronto
417,Toronto
418,Toronto
419,Toronto
420,Toronto
421,Montreal
422,Montreal
423,Toronto
424,Toronto
425,London
426,Toronto
427,London
428,Toronto
429,Toronto
430,Toronto
431,Toronto
432,Toronto
433,Montreal
434,Toronto
435,London
436,Toronto
437,London
438,Toronto
439,Toronto
440,London
441,Toronto
442,London
443,Toronto
444,Toronto
445,Toronto
446,Toronto
447,London
448,Toronto
449,Toronto
450,London
451,Toronto
452,Toronto
453,Toronto
454,Toronto
455,Toronto
456,Toronto
457,Toronto
458,Toronto
459,Toronto
460,Toronto
461,London
462,Montreal
463,Toronto
464,Toronto
465,London
466,London
467,London
468,London
469,London
470,London
471,London
472,London
473,Toronto
474,London
475,London
476,London
477,Toronto
478,London
479,Toronto
480,London
481,London
482,Toronto
483,London
484,Toronto
485,London
486,Toronto
487,London
488,Toronto
489,London
490,London
491,London
492,Montreal
493,London
494,London
495,Toronto
496,Toronto
497,London
498,London
499,Toronto
500,London
501,London
502,London
503,Toronto
504,Toronto
505,Toronto
506,London
507,London
508,London
509,London
510,London
511,Toronto
512,Toronto
513,London
514,London
515,London
516,Toronto
517,London
518,London
519,London
520,London
521,Toronto
522,London
523,Toronto
524,London
525,Toronto
526,London
527,Toronto
528,London
529,London
530,Brussels
531,Brussels
532,Brussels
533,Toronto
534,Brussels
535,Brussels
536,London
537,Brussels
538,Montreal
539,Montreal
540,Brussels
541,Brussels
542,Brussels
543,Brussels
544,Brussels
545,London
546,London
547,Brussels
548,London
549,Toronto
550,London
551,London
552,Montreal
553,Brussels
554,Brussels
555,Toronto
556,Montreal
557,Brussels
558,Brussels
559,Brussels
560,Brussels
561,Brussels
562,Brussels
563,Brussels
564,Brussels
565,Brussels
566,Brussels
567,Brussels
568,Brussels
569,Brussels
570,London
571,Brussels
572,Brussels
573,Brussels
574,Toronto
575,Brussels
576,Brussels
577,Brussels
578,Brussels
579,Brussels
580,Brussels
581,Brussels
582,Brussels
583,Brussels
584,Brussels
585,Brussels
586,Brussels
587,Brussels
588,Brussels
589,London
590,Montreal
591,Toronto
592,Brussels
593,Montreal
594,London
595,London
596,Montreal
597,Montreal
598,London
599,Brussels
